name,lat,lng,line
九联圩,31.697136,117.292773,1
丙子铺,31.697148,117.304177,1
万年埠,31.704149,117.308796,1
万达城,31.711471,117.308773,1
云谷路,31.718816,117.308308,1
金斗公园,31.728848,117.309402,1
塘西河公园,31.731478,117.302602,1
紫庐,31.746481,117.310032,1
滨湖会展中心,31.760239,117.309517,1
高王,31.773132,117.291479,1
骆岗,31.789183,117.298064,1
南站南广场,31.798099,117.298145,1
合肥南站,31.804839,117.297104,1
望湖城,31.811409,117.298685,1
葛大店,31.820089,117.309851,1
秋浦河路,31.82869,117.308575,1
朱岗,31.837797,117.309047,1
合工大南区,31.85282,117.307202,1
包公园,31.862032,117.308053,1
大东门,31.869903,117.307712,1
明光路,31.875643,117.311239,1
长淮,31.881251,117.315762,1
合肥火车站,31.889139,117.322075,1
三十埠,31.874905,117.40403,2
王岗,31.874808,117.396266,2
龙岗,31.874675,117.382974,2
东二十埠,31.874627,117.37346,2
漕冲,31.874319,117.358123,2
东七里,31.874261,117.344705,2
东五里井,31.873615,117.330919,2
三里街,31.873325,117.320373,2
大东门,31.869903,117.307712,2
四牌楼,31.867268,117.296076,2
安农大,31.864114,117.271639,2
三里庵,31.860793,117.262084,2
五里墩,31.85751,117.247881,2
西七里塘,31.858788,117.23737,2
十里庙,31.861258,117.229429,2
科学大道,31.861923,117.215317,2
天柱路,31.859979,117.205026,2
大蜀山,31.857825,117.192887,2
蜀山西,31.857089,117.175176,2
振兴路,31.851068,117.151862,2
汽车西站,31.857176,117.142735,2
桂庄,31.857225,117.133145,2
南岗,31.857095,117.121898,2
幸福坝,31.756843,117.187458,3
安大磬苑校区,31.765284,117.199175,3
工大翡翠湖校区,31.7714,117.211804,3
大学城北,31.781081,117.216378,3
繁华大道,31.788362,117.215394,3
安医大二附院,31.796266,117.216502,3
省博物院,31.806983,117.222161,3
图书馆,31.81502,117.222746,3
合肥大剧院,31.820602,117.230369,3
市政务中心,31.821762,117.231903,3
洪岗,31.838621,117.237751,3
国防科技大学,31.847242,117.237712,3
西七里塘,31.858788,117.23737,3
南新庄,31.867929,117.23708,3
合肥西站,31.876505,117.242499,3
杏花村,31.886898,117.25197,3
四泉桥,31.892826,117.263092,3
郑河,31.886748,117.267969,3
海棠,31.893011,117.284978,3
一里井,31.892875,117.293938,3
淮南路,31.892914,117.302901,3
鸭林冲,31.893847,117.314173,3
合肥火车站,31.889139,117.322075,3
竹丝滩,31.89112,117.33773,3
方庙,31.891559,117.348677,3
窦桥湾,31.891307,117.358623,3
新海大道,31.896886,117.365495,3
勤劳村,31.903739,117.367884,3
文浍苑,31.916093,117.374888,3
幼儿师范,31.927405,117.378878,3
职教城,31.931249,117.389711,3
职教城东,31.931029,117.403964,3
相城路,31.930819,117.414468,3
青龙岗,31.835883,117.095316,4
合肥七中,31.835821,117.107176,4
量子科学中心,31.830156,117.115341,4
科大先研院,31.830307,117.13424,4
北雁湖,31.826804,117.163742,4
玉兰大道,31.826455,117.182638,4
金桂,31.822164,117.194058,4
柳树塘,31.817678,117.20476,4
图书馆,31.81502,117.222746,4
天鹅湖,31.814412,117.234097,4
天鹅湖东,31.80927,117.238299,4
姚公庙,31.81511,117.255699,4
南屏路,31.814724,117.263992,4
薛河,31.813652,117.275705,4
竹西,31.809484,117.283004,4
淝南,31.799637,117.281338,4
合肥南站,31.804839,117.297104,4
望湖城南,31.805003,117.302629,4
葛大店南,31.808965,117.313514,4
工经学院,31.820391,117.332431,4
尧渡河路,31.831138,117.33079,4
五里庙,31.842998,117.33038,4
唐桥,31.859813,117.341862,4
站塘,31.882253,117.347556,4
方庙,31.891559,117.348677,4
新海公园,31.902628,117.3489,4
十里村,31.910924,117.353764,4
陶冲湖东,31.93306,117.351511,4
安医大四附院,31.943227,117.35534,4
综保区,31.956967,117.360399,4
汲桥路,31.947073,117.270256,5
六中菱湖校区,31.929866,117.270047,5
菱湖公园,31.919736,117.278768,5
北五里井,31.904034,117.282047,5
白水坝,31.884265,117.285103,5
杏花公园,31.876561,117.285188,5
三孝口,31.867487,117.282393,5
稻香楼,31.855388,117.280534,5
中国科大东区,31.847822,117.279583,5
市第三医院,31.834755,117.276967,5
休宁路,31.824641,117.275651,5
凌大塘,31.82014,117.282175,5
望湖城西,31.814439,117.295626,5
合肥南站,31.804839,117.297104,5
盛大,31.798031,117.308902,5
包河苑,31.799503,117.323498,5
义兴,31.800681,117.332286,5
大连路,31.791625,117.338867,5
花园大道,31.779128,117.340971,5
黄河路,31.771985,117.340938,5
扬子江路,31.759311,117.345298,5
义城,31.747049,117.344678,5
省行政中心东,31.737521,117.345225,5
方兴湖,31.724462,117.345219,5
渡江纪念馆,31.71903,117.336469,5
沈湾,31.718937,117.326138,5
华山路,31.718838,117.317473,5
云谷路,31.718816,117.308308,5
清水冲,31.718952,117.292759,5
云川公园,31.719157,117.282322,5
滨湖竹园,31.715403,117.270622,5
贵阳路,31.704528,117.270707,5
开福寺,31.83745,117.188225,6
梦城,31.832667,117.202883,6
松荫桥,31.839851,117.228048,6
洪岗,31.838621,117.237751,6
炮兵学院,31.837013,117.252598,6
南七里,31.836284,117.264296,6
市第三医院,31.834755,117.276967,6
卫岗,31.836639,117.292762,6
朱岗,31.837797,117.309047,6
唐大楼,31.834537,117.342345,6
市儿童医院,31.842804,117.360635,6
市博物馆,31.838455,117.373003,6
钢红,31.834536,117.383871,6
大兴集,31.841899,117.392056,6
伏龙,31.843984,117.405206,6
龙塘,31.842281,117.4239,6
天津路,31.747125,117.355471,7
义城,31.747049,117.344678,7
徽富路,31.746791,117.331321,7
嵩山路,31.746617,117.321875,7
紫庐,31.746481,117.310032,7
广西路,31.74659,117.298195,7
要素大市场,31.755912,117.292586,7
习友路,31.762095,117.276843,7
清潭路,31.759703,117.265991,7
耕耘路,31.766249,117.25664,7
石门路,31.777051,117.256658,7
天都路,31.782647,117.244886,7
莲花路,31.782626,117.237686,7
松谷路,31.787025,117.227887,7
繁华大道,31.788362,117.215394,7
松林路,31.788028,117.202225,7
